handle,style_number,product_name,default_image_filename,default_image_url,image_note,available_shapes,min_price_aud,setting_height,band_type,setting_type
ottilie-solitaire-50078-e,50078-E,Ottilie Solitaire,50078-E.rd.jpg,https://connect.overnightmountings.com/gemfind/library/Images_And_Videos/50078-E/50078-E.rd.jpg,White Gold (multi-shape; no yellow JPG in data),Round / Oval / Princess / Cushion / Emerald / Asscher / Pear / Radiant / Marquise / Heart,90.67,,,
kalliope-solitaire-50009-e,50009-E,Kalliope Solitaire,50009-E.rd.jpg,https://connect.overnightmountings.com/gemfind/library/Images_And_Videos/50009-E/50009-E.rd.jpg,White Gold (multi-shape; no yellow JPG in data),Round / Oval / Princess / Cushion / Emerald / Asscher / Pear / Radiant / Marquise / Heart,100.08,,,
gemma-solitaire-81647,81647,Gemma Solitaire,81647.rd.jpg,https://connect.overnightmountings.com/gemfind/library/Images_And_Videos/81647/81647.rd.jpg,White Gold (multi-shape; no yellow JPG in data),Round / Oval / Princess / Cushion / Emerald / Asscher / Pear / Radiant / Marquise / Heart,102.65,,,
elodie-solitaire-85346,85346,Elodie Solitaire,85346.alt.jpg,https://connect.overnightmountings.com/gemfind/library/Images_And_Videos/85346/85346.alt.jpg,Yellow Gold,Round,107.90,,,
zaria-three-stone-50229-e,50229-E,Zaria Three Stone,50229-E.alt.jpg,https://connect.overnightmountings.com/gemfind/library/Images_And_Videos/50229-E/50229-E.alt.jpg,Yellow Gold,Round,108.05,,,
zarina-engagement-51114-e,51114-E,Zarina Engagement Ring,51114-E.alt.jpg,https://connect.overnightmountings.com/gemfind/library/Images_And_Videos/51114-E/51114-E.alt.jpg,Yellow Gold,Round,111.45,,,
liesel-solitaire-50025-e,50025-E,Liesel Solitaire,50025-E.rd.jpg,https://connect.overnightmountings.com/gemfind/library/Images_And_Videos/50025-E/50025-E.rd.jpg,White Gold (multi-shape; no yellow JPG in data),Round / Oval / Princess / Cushion / Emerald / Asscher / Pear / Radiant / Marquise / Heart,112.87,,,
ulyana-cathedral-85147,85147,Ulyana Cathedral,85147.rd.jpg,https://connect.overnightmountings.com/gemfind/library/Images_And_Videos/85147/85147.rd.jpg,White Gold (multi-shape; no yellow JPG in data),Round / Oval / Princess / Cushion / Emerald / Asscher / Pear / Radiant / Marquise / Heart,118.55,,,
drusilla-baguette-remount-50299-e,50299-E,Drusilla Baguette Remount,50299-E.alt.jpg,https://connect.overnightmountings.com/gemfind/library/Images_And_Videos/50299-E/50299-E.alt.jpg,Yellow Gold,Round,119.50,,,
yelena-bypass-50214-e,50214-E,Yelena Bypass,50214-E.alt.jpg,https://connect.overnightmountings.com/gemfind/library/Images_And_Videos/50214-E/50214-E.alt.jpg,Yellow Gold,Round,119.88,,,
primrose-bypass-50085-e,50085-E,Primrose Bypass,50085-E.alt.jpg,https://connect.overnightmountings.com/gemfind/library/Images_And_Videos/50085-E/50085-E.alt.jpg,Yellow Gold,Round,124.76,,,
noor-solitaire-85264-1,85264-1,Noor Solitaire,85264-1.alt.jpg,https://connect.overnightmountings.com/gemfind/library/Images_And_Videos/85264-1/85264-1.alt.jpg,Yellow Gold,Round,125.65,,,
xela-engagement-51217-e,51217-E,Xela Engagement Ring,51217-E.rd.jpg,https://connect.overnightmountings.com/gemfind/library/Images_And_Videos/51217-E/51217-E.rd.jpg,White Gold (multi-shape; no yellow JPG in data),Round / Oval / Princess / Cushion / Emerald / Asscher / Pear / Radiant / Marquise / Heart,125.65,,,
yana-engagement-51218-e,51218-E,Yana Engagement Ring,51218-E.rd.jpg,https://connect.overnightmountings.com/gemfind/library/Images_And_Videos/51218-E/51218-E.rd.jpg,White Gold (multi-shape; no yellow JPG in data),Round / Oval / Princess / Cushion / Emerald / Asscher / Pear / Radiant / Marquise / Heart,125.65,,,
pearl-engagement-85280,85280,Pearl Engagement Ring,85280.alt.jpg,https://connect.overnightmountings.com/gemfind/library/Images_And_Videos/85280/85280.alt.jpg,Yellow Gold,Round,127.21,,,
tamsin-channel-set-50152-e,50152-E,Tamsin Channel Set,50152-E.alt.jpg,https://connect.overnightmountings.com/gemfind/library/Images_And_Videos/50152-E/50152-E.alt.jpg,Yellow Gold,Round,127.40,,,
freya-color-81330-6x4,81330-6X4,Freya Color,81330-6X4.alt.jpg,https://connect.overnightmountings.com/gemfind/library/Images_And_Videos/81330-6X4/81330-6X4.alt.jpg,Yellow Gold,Emerald,130.62,,,
wilhelmina-bypass-50192-e,50192-E,Wilhelmina Bypass,50192-E.alt.jpg,https://connect.overnightmountings.com/gemfind/library/Images_And_Videos/50192-E/50192-E.alt.jpg,Yellow Gold,Round,136.36,,,
pia-engagement-51169-e,51169-E,Pia Engagement Ring,51169-E.alt.jpg,https://connect.overnightmountings.com/gemfind/library/Images_And_Videos/51169-E/51169-E.alt.jpg,Yellow Gold,Round,136.53,,,
adeline-solitaire-85164-5x3,85164-5X3,Adeline Solitaire,85164-5X3.alt.jpg,https://connect.overnightmountings.com/gemfind/library/Images_And_Videos/85164-5X3/85164-5X3.alt.jpg,Yellow Gold,Oval,139.84,,,
quincy-solitaire-85288-1,85288-1,Quincy Solitaire,85288-1.alt.jpg,https://connect.overnightmountings.com/gemfind/library/Images_And_Videos/85288-1/85288-1.alt.jpg,Yellow Gold,Round,139.84,,,
tira-remount-51192-e,51192-E,Tira Remount,51192-E.rd.jpg,https://connect.overnightmountings.com/gemfind/library/Images_And_Videos/51192-E/51192-E.rd.jpg,White Gold (multi-shape; no yellow JPG in data),Round / Oval / Princess / Cushion / Emerald / Asscher / Pear / Radiant / Marquise / Heart,140.98,,,
isolde-channel-set-50001-e,50001-E,Isolde Channel Set,50001-E.alt.jpg,https://connect.overnightmountings.com/gemfind/library/Images_And_Videos/50001-E/50001-E.alt.jpg,Yellow Gold,Round,145.44,,,
saskia-bypass-50139-e,50139-E,Saskia Bypass,50139-E.alt.jpg,https://connect.overnightmountings.com/gemfind/library/Images_And_Videos/50139-E/50139-E.alt.jpg,Yellow Gold,Round,146.30,,,
yvette-solitaire-84376,84376,Yvette Solitaire,84376.rd.jpg,https://connect.overnightmountings.com/gemfind/library/Images_And_Videos/84376/84376.rd.jpg,White Gold (multi-shape; no yellow JPG in data),Round / Oval / Princess / Cushion / Emerald / Asscher / Pear / Radiant / Marquise / Heart,146.94,,,
hadley-solitaire-85254-1,85254-1,Hadley Solitaire,85254-1.alt.jpg,https://connect.overnightmountings.com/gemfind/library/Images_And_Videos/85254-1/85254-1.alt.jpg,Yellow Gold,Round,146.94,,,
klara-solitaire-85258-1,85258-1,Klara Solitaire,85258-1.alt.jpg,https://connect.overnightmountings.com/gemfind/library/Images_And_Videos/85258-1/85258-1.alt.jpg,Yellow Gold,Round,146.94,,,
vega-baguette-remount-84358,84358,Vega Baguette Remount,84358.alt.jpg,https://connect.overnightmountings.com/gemfind/library/Images_And_Videos/84358/84358.alt.jpg,Yellow Gold,Round,147.65,,,
juno-solitaire-81990,81990,Juno Solitaire,81990.rd.jpg,https://connect.overnightmountings.com/gemfind/library/Images_And_Videos/81990/81990.rd.jpg,White Gold (multi-shape; no yellow JPG in data),Round / Oval / Princess / Cushion / Emerald / Asscher / Pear / Radiant / Marquise / Heart,150.18,,,
ilse-engagement-51158-e-4-5,51158-E-4.5,Ilse Engagement Ring,51158-E-4.5.alt.jpg,https://connect.overnightmountings.com/gemfind/library/Images_And_Videos/51158-E-4.5/51158-E-4.5.alt.jpg,Yellow Gold,Princess,150.23,,,
vesper-solitaire-51090-e-4,51090-E-4,Vesper Solitaire,51090-E-4.alt.jpg,https://connect.overnightmountings.com/gemfind/library/Images_And_Videos/51090-E-4/51090-E-4.alt.jpg,Yellow Gold,Princess,152.62,,,
zephyrine-solitaire-85162-1,85162-1,Zephyrine Solitaire,85162-1.alt.jpg,https://connect.overnightmountings.com/gemfind/library/Images_And_Videos/85162-1/85162-1.alt.jpg,Yellow Gold,Round,154.04,,,
tatiana-solitaire-85293-1,85293-1,Tatiana Solitaire,85293-1.alt.jpg,https://connect.overnightmountings.com/gemfind/library/Images_And_Videos/85293-1/85293-1.alt.jpg,Yellow Gold,Round,154.04,,,
astrid-cluster-50240-e,50240-E,Astrid Cluster,50240-E.alt.jpg,https://connect.overnightmountings.com/gemfind/library/Images_And_Videos/50240-E/50240-E.alt.jpg,Yellow Gold,Round,161.58,,,
jeneva-baguette-remount-50405-e,50405-E,Jeneva Baguette Remount,50405-E.alt.jpg,https://connect.overnightmountings.com/gemfind/library/Images_And_Videos/50405-E/50405-E.alt.jpg,Yellow Gold,Round,164.81,,,
magnolia-channel-set-50026-e,50026-E,Magnolia Channel Set,50026-E.alt.jpg,https://connect.overnightmountings.com/gemfind/library/Images_And_Videos/50026-E/50026-E.alt.jpg,Yellow Gold,Round,165.36,,,
stella-solitaire-83164,83164,Stella Solitaire,83164.rd.jpg,https://connect.overnightmountings.com/gemfind/library/Images_And_Videos/83164/83164.rd.jpg,White Gold (multi-shape; no yellow JPG in data),Round / Oval / Princess / Cushion / Emerald / Asscher / Pear / Radiant / Marquise / Heart,167.23,,,
jora-engagement-50964-e,50964-E,Jora Engagement Ring,50964-E.alt.jpg,https://connect.overnightmountings.com/gemfind/library/Images_And_Videos/50964-E/50964-E.alt.jpg,Yellow Gold,Round,167.52,,,
romy-cathedral-85133,85133,Romy Cathedral,85133.rd.jpg,https://connect.overnightmountings.com/gemfind/library/Images_And_Videos/85133/85133.rd.jpg,White Gold (multi-shape; no yellow JPG in data),Round / Oval / Princess / Cushion / Emerald / Asscher / Pear / Radiant / Marquise / Heart,168.23,,,
coralie-baguette-remount-50873-e,50873-E,Coralie Baguette Remount,50873-E.alt.jpg,https://connect.overnightmountings.com/gemfind/library/Images_And_Videos/50873-E/50873-E.alt.jpg,Yellow Gold,Round,168.23,,,
quenby-engagement-51172-e-1,51172-E-1,Quenby Engagement Ring,51172-E-1.alt.jpg,https://connect.overnightmountings.com/gemfind/library/Images_And_Videos/51172-E-1/51172-E-1.alt.jpg,Yellow Gold,Round,168.23,,,
eloise-solitaire-81206,81206,Eloise Solitaire,81206.rd.jpg,https://connect.overnightmountings.com/gemfind/library/Images_And_Videos/81206/81206.rd.jpg,White Gold (multi-shape; no yellow JPG in data),Round / Oval / Princess / Cushion / Emerald / Asscher / Pear / Radiant / Marquise / Heart,171.45,,,
lavinia-engagement-85260-1,85260-1,Lavinia Engagement Ring,85260-1.alt.jpg,https://connect.overnightmountings.com/gemfind/library/Images_And_Videos/85260-1/85260-1.alt.jpg,Yellow Gold,Round,171.51,,,
tova-solitaire-51073-e-1,51073-E-1,Tova Solitaire,51073-E-1.alt.jpg,https://connect.overnightmountings.com/gemfind/library/Images_And_Videos/51073-E-1/51073-E-1.alt.jpg,Yellow Gold,Round,171.78,,,
seraphina-solitaire-84303,84303,Seraphina Solitaire,84303.rd.jpg,https://connect.overnightmountings.com/gemfind/library/Images_And_Videos/84303/84303.rd.jpg,White Gold (multi-shape; no yellow JPG in data),Round / Oval / Princess / Cushion / Emerald / Asscher / Pear / Radiant / Marquise / Heart,173.77,,,
brielle-cluster-50292-e,50292-E,Brielle Cluster,50292-E.alt.jpg,https://connect.overnightmountings.com/gemfind/library/Images_And_Videos/50292-E/50292-E.alt.jpg,Yellow Gold,Round,174.57,,,
amelie-solitaire-85325-1,85325-1,Amelie Solitaire,85325-1.alt.jpg,https://connect.overnightmountings.com/gemfind/library/Images_And_Videos/85325-1/85325-1.alt.jpg,Yellow Gold,Round,175.33,,,
ophira-engagement-51168-e,51168-E,Ophira Engagement Ring,51168-E.alt.jpg,https://connect.overnightmountings.com/gemfind/library/Images_And_Videos/51168-E/51168-E.alt.jpg,Yellow Gold,Round,175.51,,,
una-solitaire-51089-e-1,51089-E-1,Una Solitaire,51089-E-1.alt.jpg,https://connect.overnightmountings.com/gemfind/library/Images_And_Videos/51089-E-1/51089-E-1.alt.jpg,Yellow Gold,Round,177.46,,,
esme-baguette-remount-83856,83856,Esme Baguette Remount,83856.alt.jpg,https://connect.overnightmountings.com/gemfind/library/Images_And_Videos/83856/83856.alt.jpg,Yellow Gold,Round,177.56,,,
estelle-fashion-85185-6x4,85185-6X4,Estelle Fashion,85185-6X4.alt.jpg,https://connect.overnightmountings.com/gemfind/library/Images_And_Videos/85185-6X4/85185-6X4.alt.jpg,Yellow Gold,Oval,177.81,,,
iris-baguette-remount-81885-1,81885-1,Iris Baguette Remount,81885-1.alt.jpg,https://connect.overnightmountings.com/gemfind/library/Images_And_Videos/81885-1/81885-1.alt.jpg,Yellow Gold,Round,181.97,,,
cosette-solitaire-85333-1,85333-1,Cosette Solitaire,85333-1.alt.jpg,https://connect.overnightmountings.com/gemfind/library/Images_And_Videos/85333-1/85333-1.alt.jpg,Yellow Gold,Round,182.43,,,
faina-twisted-shank-51144-e-1,51144-E-1,Faina Twisted Shank,51144-E-1.alt.jpg,https://connect.overnightmountings.com/gemfind/library/Images_And_Videos/51144-E-1/51144-E-1.alt.jpg,Yellow Gold,Round,182.43,,,
romilly-bypass-50097-e,50097-E,Romilly Bypass,50097-E.alt.jpg,https://connect.overnightmountings.com/gemfind/library/Images_And_Videos/50097-E/50097-E.alt.jpg,Yellow Gold,Round,182.60,,,
lara-three-stone-82571-a,82571-A,Lara Three Stone,82571-A.alt.jpg,https://connect.overnightmountings.com/gemfind/library/Images_And_Videos/82571-A/82571-A.alt.jpg,Yellow Gold,Princess,183.92,,,
odessa-bypass-84287,84287,Odessa Bypass,84287.alt.jpg,https://connect.overnightmountings.com/gemfind/library/Images_And_Videos/84287/84287.alt.jpg,Yellow Gold,Round,186.90,,,
briony-solitaire-85332-3-8,85332-3.8,Briony Solitaire,85332-3.8.alt.jpg,https://connect.overnightmountings.com/gemfind/library/Images_And_Videos/85332-3.8/85332-3.8.alt.jpg,Yellow Gold,Cushion,189.53,,,
ursa-solitaire-84355-1,84355-1,Ursa Solitaire,84355-1.alt.jpg,https://connect.overnightmountings.com/gemfind/library/Images_And_Videos/84355-1/84355-1.alt.jpg,Yellow Gold,Round,190.09,,,
greta-engagement-51155-e,51155-E,Greta Engagement Ring,51155-E.alt.jpg,https://connect.overnightmountings.com/gemfind/library/Images_And_Videos/51155-E/51155-E.alt.jpg,Yellow Gold,Round,191.65,,,
jolie-engagement-84881,84881,Jolie Engagement Ring,84881.alt.jpg,https://connect.overnightmountings.com/gemfind/library/Images_And_Videos/84881/84881.alt.jpg,Yellow Gold,Round,193.99,,,
hollis-prong-set-50353-e-1,50353-E-1,Hollis Prong Set,50353-E-1.rd.alt.jpg,https://connect.overnightmountings.com/gemfind/library/Images_And_Videos/50353-E-1/50353-E-1.rd.alt.jpg,Yellow Gold,Round,194.71,,,
quintessa-bypass-50088-e,50088-E,Quintessa Bypass,50088-E.alt.jpg,https://connect.overnightmountings.com/gemfind/library/Images_And_Videos/50088-E/50088-E.alt.jpg,Yellow Gold,Round,194.93,,,
greer-prong-set-50322-e,50322-E,Greer Prong Set,50322-E.alt.jpg,https://connect.overnightmountings.com/gemfind/library/Images_And_Videos/50322-E/50322-E.alt.jpg,Yellow Gold,Round,195.13,,,
ursela-remount-50635-e-035,50635-E-035,Ursela Remount,50635-E-035.alt.jpg,https://connect.overnightmountings.com/gemfind/library/Images_And_Videos/50635-E-035/50635-E-035.alt.jpg,Yellow Gold,Round,198.74,,,
greta-engagement-85242-1,85242-1,Greta Engagement Ring,85242-1.alt.jpg,https://connect.overnightmountings.com/gemfind/library/Images_And_Videos/85242-1/85242-1.alt.jpg,Yellow Gold,Round,198.97,,,
jessamine-engagement-85257-5x3,85257-5X3,Jessamine Engagement Ring,85257-5X3.alt.jpg,https://connect.overnightmountings.com/gemfind/library/Images_And_Videos/85257-5X3/85257-5X3.alt.jpg,Yellow Gold,Emerald,199.10,,,
chloe-three-stone-80767,80767,Chloe Three Stone,80767.alt.jpg,https://connect.overnightmountings.com/gemfind/library/Images_And_Videos/80767/80767.alt.jpg,Yellow Gold,Round,199.44,,,
sela-remount-51182-e,51182-E,Sela Remount,51182-E.alt.jpg,https://connect.overnightmountings.com/gemfind/library/Images_And_Videos/51182-E/51182-E.alt.jpg,Yellow Gold,Round,200.64,,,
opal-three-stone-82844-a,82844-A,Opal Three Stone,82844-A.alt.jpg,https://connect.overnightmountings.com/gemfind/library/Images_And_Videos/82844-A/82844-A.alt.jpg,Yellow Gold,Round,202.60,,,
arai-prong-set-50804-e,50804-E,Arai Prong Set,50804-E.alt.jpg,https://connect.overnightmountings.com/gemfind/library/Images_And_Videos/50804-E/50804-E.alt.jpg,Yellow Gold,Round,204.63,,,
zinnia-cluster-84476,84476,Zinnia Cluster,84476.alt.jpg,https://connect.overnightmountings.com/gemfind/library/Images_And_Videos/84476/84476.alt.jpg,Yellow Gold,Round,205.23,,,
marigold-engagement-85261,85261,Marigold Engagement Ring,85261.alt.jpg,https://connect.overnightmountings.com/gemfind/library/Images_And_Videos/85261/85261.alt.jpg,Yellow Gold,Round,206.50,,,
yasmin-solitaire-85305-10-5x7,85305-10.5X7,Yasmin Solitaire,85305-10.5X7.alt.jpg,https://connect.overnightmountings.com/gemfind/library/Images_And_Videos/85305-10.5X7/85305-10.5X7.alt.jpg,Yellow Gold,Oval,207.27,,,
zelda-solitaire-85324-1,85324-1,Zelda Solitaire,85324-1.alt.jpg,https://connect.overnightmountings.com/gemfind/library/Images_And_Videos/85324-1/85324-1.alt.jpg,Yellow Gold,Round,207.27,,,
demi-solitaire-85345-10-5x7-5,85345-10.5X7.5,Demi Solitaire,85345-10.5X7.5.alt.jpg,https://connect.overnightmountings.com/gemfind/library/Images_And_Videos/85345-10.5X7.5/85345-10.5X7.5.alt.jpg,Yellow Gold,Oval,207.27,,,
oriana-engagement-85278,85278,Oriana Engagement Ring,85278.alt.jpg,https://connect.overnightmountings.com/gemfind/library/Images_And_Videos/85278/85278.alt.jpg,Yellow Gold,Round,208.18,,,
clio-remount-84757,84757,Clio Remount,84757.alt.jpg,https://connect.overnightmountings.com/gemfind/library/Images_And_Videos/84757/84757.alt.jpg,Yellow Gold,Round,210.82,,,
xanthe-solitaire-85157-1,85157-1,Xanthe Solitaire,85157-1.alt.jpg,https://connect.overnightmountings.com/gemfind/library/Images_And_Videos/85157-1/85157-1.alt.jpg,Yellow Gold,Round,210.82,,,
xara-engagement-50204-e,50204-E,Xara Engagement Ring,50204-E.alt.jpg,https://connect.overnightmountings.com/gemfind/library/Images_And_Videos/50204-E/50204-E.alt.jpg,Yellow Gold,Round,211.81,,,
ula-engagement-51206-e-5x3,51206-E-5X3,Ula Engagement Ring,51206-E-5X3.alt.jpg,https://connect.overnightmountings.com/gemfind/library/Images_And_Videos/51206-E-5X3/51206-E-5X3.alt.jpg,Yellow Gold,Oval,212.56,,,
kira-solitaire-82022,82022,Kira Solitaire,82022.alt.jpg,https://connect.overnightmountings.com/gemfind/library/Images_And_Videos/82022/82022.alt.jpg,Yellow Gold,Princess,213.35,,,
juniper-bypass-50003-e,50003-E,Juniper Bypass,50003-E.alt.jpg,https://connect.overnightmountings.com/gemfind/library/Images_And_Videos/50003-E/50003-E.alt.jpg,Yellow Gold,Round,215.79,,,
yara-engagement-51111-e,51111-E,Yara Engagement Ring,51111-E.alt.jpg,https://connect.overnightmountings.com/gemfind/library/Images_And_Videos/51111-E/51111-E.alt.jpg,Yellow Gold,Round,216.94,,,
ines-engagement-85255-1,85255-1,Ines Engagement Ring,85255-1.alt.jpg,https://connect.overnightmountings.com/gemfind/library/Images_And_Videos/85255-1/85255-1.alt.jpg,Yellow Gold,Round,220.40,,,
bria-twisted-shank-51120-e-1,51120-E-1,Bria Twisted Shank,51120-E-1.alt.jpg,https://connect.overnightmountings.com/gemfind/library/Images_And_Videos/51120-E-1/51120-E-1.alt.jpg,Yellow Gold,Round,221.47,,,
zora-prong-set-50791-e,50791-E,Zora Prong Set,50791-E.alt.jpg,https://connect.overnightmountings.com/gemfind/library/Images_And_Videos/50791-E/50791-E.alt.jpg,Yellow Gold,Round,222.05,,,
ysabel-engagement-85158-1,85158-1,Ysabel Engagement Ring,85158-1.alt.jpg,https://connect.overnightmountings.com/gemfind/library/Images_And_Videos/85158-1/85158-1.alt.jpg,Yellow Gold,Round,222.61,,,
dovie-engagement-51138-e-1,51138-E-1,Dovie Engagement Ring,51138-E-1.alt.jpg,https://connect.overnightmountings.com/gemfind/library/Images_And_Videos/51138-E-1/51138-E-1.alt.jpg,Yellow Gold,Round,222.74,,,
mirabel-fashion-85107-5x3,85107-5X3,Mirabel Fashion,85107-5X3.alt.jpg,https://connect.overnightmountings.com/gemfind/library/Images_And_Videos/85107-5X3/85107-5X3.alt.jpg,Yellow Gold,Oval,224.03,,,
wila-hidden-halo-51210-e-13-4,51210-E-13/4,Wila Hidden Halo,4.alt.jpg,https://connect.overnightmountings.com/gemfind/library/Images_And_Videos/51210-E-13/4/51210-E-13/4.alt.jpg,Yellow Gold,Round,224.52,,,
talia-vintage-84326,84326,Talia Vintage,84326.alt.jpg,https://connect.overnightmountings.com/gemfind/library/Images_And_Videos/84326/84326.alt.jpg,Yellow Gold,Round,224.60,,,
nyla-prong-set-84275,84275,Nyla Prong Set,84275.alt.jpg,https://connect.overnightmountings.com/gemfind/library/Images_And_Videos/84275/84275.alt.jpg,Yellow Gold,Round,225.73,,,
aria-prong-set-50274-e-5,50274-E-5,Aria Prong Set,50274-E-5.alt.jpg,https://connect.overnightmountings.com/gemfind/library/Images_And_Videos/50274-E-5/50274-E-5.alt.jpg,Yellow Gold,Round,228.96,,,
etta-prong-set-50300-e,50300-E,Etta Prong Set,50300-E.alt.jpg,https://connect.overnightmountings.com/gemfind/library/Images_And_Videos/50300-E/50300-E.alt.jpg,Yellow Gold,Round,229.48,,,
posy-solitaire-85131-1,85131-1,Posy Solitaire,85131-1.alt.jpg,https://connect.overnightmountings.com/gemfind/library/Images_And_Videos/85131-1/85131-1.alt.jpg,Yellow Gold,Round,231.02,,,
mira-baguette-remount-82754-c,82754-C,Mira Baguette Remount,82754-C.alt.jpg,https://connect.overnightmountings.com/gemfind/library/Images_And_Videos/82754-C/82754-C.alt.jpg,Yellow Gold,Round,232.65,,,
petra-bypass-84294,84294,Petra Bypass,84294.alt.jpg,https://connect.overnightmountings.com/gemfind/library/Images_And_Videos/84294/84294.alt.jpg,Yellow Gold,Round,232.98,,,
halia-engagement-50957-e,50957-E,Halia Engagement Ring,50957-E.alt.jpg,https://connect.overnightmountings.com/gemfind/library/Images_And_Videos/50957-E/50957-E.alt.jpg,Yellow Gold,Round,233.38,,,
daphne-solitaire-80940,80940,Daphne Solitaire,80940.rd.jpg,https://connect.overnightmountings.com/gemfind/library/Images_And_Videos/80940/80940.rd.jpg,White Gold (multi-shape; no yellow JPG in data),Round / Oval / Princess / Cushion / Emerald / Asscher / Pear / Radiant / Marquise / Heart,233.50,,,
zia-engagement-51222-e,51222-E,Zia Engagement Ring,51222-E.alt.jpg,https://connect.overnightmountings.com/gemfind/library/Images_And_Videos/51222-E/51222-E.alt.jpg,Yellow Gold,Round,234.20,,,
karla-engagement-51161-e-4-5,51161-E-4.5,Karla Engagement Ring,51161-E-4.5.alt.jpg,https://connect.overnightmountings.com/gemfind/library/Images_And_Videos/51161-E-4.5/51161-E-4.5.alt.jpg,Yellow Gold,Princess,234.65,,,
nora-baguette-remount-82841,82841,Nora Baguette Remount,82841.alt.jpg,https://connect.overnightmountings.com/gemfind/library/Images_And_Videos/82841/82841.alt.jpg,Yellow Gold,Round,234.92,,,
vanya-engagement-50650-e-1,50650-E-1,Vanya Engagement Ring,50650-E-1.alt.jpg,https://connect.overnightmountings.com/gemfind/library/Images_And_Videos/50650-E-1/50650-E-1.alt.jpg,Yellow Gold,Round,235.66,,,
penelope-three-stone-82876-1-2,82876-1/2,Penelope Three Stone,2.alt.jpg,https://connect.overnightmountings.com/gemfind/library/Images_And_Videos/82876-1/2/82876-1/2.alt.jpg,Yellow Gold,Round,239.25,,,
rea-engagement-51174-e-4-5x3,51174-E-4.5X3,Rea Engagement Ring,51174-E-4.5X3.alt.jpg,https://connect.overnightmountings.com/gemfind/library/Images_And_Videos/51174-E-4.5X3/51174-E-4.5X3.alt.jpg,Yellow Gold,Emerald,239.64,,,
kestrel-engagement-50975-e-1,50975-E-1,Kestrel Engagement Ring,50975-E-1.alt.jpg,https://connect.overnightmountings.com/gemfind/library/Images_And_Videos/50975-E-1/50975-E-1.alt.jpg,Yellow Gold,Round,240.69,,,
maren-multi-row-50486-e,50486-E,Maren Multi Row,50486-E.alt.jpg,https://connect.overnightmountings.com/gemfind/library/Images_And_Videos/50486-E/50486-E.alt.jpg,Yellow Gold,Round,241.22,,,
fenna-engagement-50932-e-1,50932-E-1,Fenna Engagement Ring,50932-E-1.alt.jpg,https://connect.overnightmountings.com/gemfind/library/Images_And_Videos/50932-E-1/50932-E-1.alt.jpg,Yellow Gold,Round,241.27,,,
henna-engagement-85373,85373,Henna Engagement Ring,85373.alt.jpg,https://connect.overnightmountings.com/gemfind/library/Images_And_Videos/85373/85373.alt.jpg,Yellow Gold,Round,241.34,,,
jora-engagement-51160-e-1,51160-E-1,Jora Engagement Ring,51160-E-1.alt.jpg,https://connect.overnightmountings.com/gemfind/library/Images_And_Videos/51160-E-1/51160-E-1.alt.jpg,Yellow Gold,Round,244.26,,,
olwen-three-stone-50506-e,50506-E,Olwen Three Stone,50506-E.alt.jpg,https://connect.overnightmountings.com/gemfind/library/Images_And_Videos/50506-E/50506-E.alt.jpg,Yellow Gold,Round,245.15,,,
rhea-twisted-shank-85290,85290,Rhea Twisted Shank,85290.alt.jpg,https://connect.overnightmountings.com/gemfind/library/Images_And_Videos/85290/85290.alt.jpg,Yellow Gold,Round,248.10,,,
wren-three-stone-84360,84360,Wren Three Stone,84360.alt.jpg,https://connect.overnightmountings.com/gemfind/library/Images_And_Videos/84360/84360.alt.jpg,Yellow Gold,Pear,248.14,,,
wisteria-cathedral-85153,85153,Wisteria Cathedral,85153.alt.jpg,https://connect.overnightmountings.com/gemfind/library/Images_And_Videos/85153/85153.alt.jpg,Yellow Gold,Round,248.46,,,
elke-halo-50924-e-1,50924-E-1,Elke Halo,50924-E-1.alt.jpg,https://connect.overnightmountings.com/gemfind/library/Images_And_Videos/50924-E-1/50924-E-1.alt.jpg,Yellow Gold,Round,248.62,,,
linnea-three-stone-50447-e,50447-E,Linnea Three Stone,50447-E.alt.jpg,https://connect.overnightmountings.com/gemfind/library/Images_And_Videos/50447-E/50447-E.alt.jpg,Yellow Gold,Round,249.07,,,
solene-engagement-51057-e,51057-E,Solene Engagement Ring,51057-E.alt.jpg,https://connect.overnightmountings.com/gemfind/library/Images_And_Videos/51057-E/51057-E.alt.jpg,Yellow Gold,Round,249.77,,,
fern-three-stone-50309-e,50309-E,Fern Three Stone,50309-E.alt.jpg,https://connect.overnightmountings.com/gemfind/library/Images_And_Videos/50309-E/50309-E.alt.jpg,Yellow Gold,Pear,249.91,,,
galena-engagement-50938-e,50938-E,Galena Engagement Ring,50938-E.alt.jpg,https://connect.overnightmountings.com/gemfind/library/Images_And_Videos/50938-E/50938-E.alt.jpg,Yellow Gold,Round,250.64,,,
ximena-engagement-85298,85298,Ximena Engagement Ring,85298.alt.jpg,https://connect.overnightmountings.com/gemfind/library/Images_And_Videos/85298/85298.alt.jpg,Yellow Gold,Round,252.19,,,
hyacinth-engagement-51156-e-10-5x8,51156-E-10.5X8,Hyacinth Engagement Ring,51156-E-10.5X8.alt.jpg,https://connect.overnightmountings.com/gemfind/library/Images_And_Videos/51156-E-10.5X8/51156-E-10.5X8.alt.jpg,Yellow Gold,Emerald,252.86,,,
nessa-halo-50489-e,50489-E,Nessa Halo,50489-E.alt.jpg,https://connect.overnightmountings.com/gemfind/library/Images_And_Videos/50489-E/50489-E.alt.jpg,Yellow Gold,Round,254.75,,,
maia-engagement-51163-e-7-5x5-5,51163-E-7.5X5.5,Maia Engagement Ring,51163-E-7.5X5.5.alt.jpg,https://connect.overnightmountings.com/gemfind/library/Images_And_Videos/51163-E-7.5X5.5/51163-E-7.5X5.5.alt.jpg,Yellow Gold,Emerald,256.88,,,
zara-three-stone-83660,83660,Zara Three Stone,83660.alt.jpg,https://connect.overnightmountings.com/gemfind/library/Images_And_Videos/83660/83660.alt.jpg,Yellow Gold,Round,260.34,,,
liana-engagement-84961-10x5,84961-10X5,Liana Engagement Ring,84961-10X5.alt.jpg,https://connect.overnightmountings.com/gemfind/library/Images_And_Videos/84961-10X5/84961-10X5.alt.jpg,Yellow Gold,Marquise,260.51,,,
xanadu-prong-set-50655-e,50655-E,Xanadu Prong Set,50655-E.alt.jpg,https://connect.overnightmountings.com/gemfind/library/Images_And_Videos/50655-E/50655-E.alt.jpg,Yellow Gold,Round,261.42,,,
delphine-bypass-83852,83852,Delphine Bypass,83852.alt.jpg,https://connect.overnightmountings.com/gemfind/library/Images_And_Videos/83852/83852.alt.jpg,Yellow Gold,Round,268.13,,,
undine-cluster-50154-e,50154-E,Undine Cluster,50154-E.alt.jpg,https://connect.overnightmountings.com/gemfind/library/Images_And_Videos/50154-E/50154-E.alt.jpg,Yellow Gold,Round,270.50,,,
imogen-engagement-84843-1,84843-1,Imogen Engagement Ring,84843-1.alt.jpg,https://connect.overnightmountings.com/gemfind/library/Images_And_Videos/84843-1/84843-1.alt.jpg,Yellow Gold,Round,270.57,,,
lily-engagement-51196-e-10-3x6-2,51196-E-10.3X6.2,Lily Engagement Ring,51196-E-10.3X6.2.alt.jpg,https://connect.overnightmountings.com/gemfind/library/Images_And_Videos/51196-E-10.3X6.2/51196-E-10.3X6.2.alt.jpg,Yellow Gold,Round,278.68,,,
phaedra-multi-row-50538-e-1,50538-E-1,Phaedra Multi Row,50538-E-1.alt.jpg,https://connect.overnightmountings.com/gemfind/library/Images_And_Videos/50538-E-1/50538-E-1.alt.jpg,Yellow Gold,Round,280.12,,,
dahlia-engagement-84763,84763,Dahlia Engagement Ring,84763.alt.jpg,https://connect.overnightmountings.com/gemfind/library/Images_And_Videos/84763/84763.alt.jpg,Yellow Gold,Oval,280.32,,,
danica-halo-85184-1-2,85184-1/2,Danica Halo,2.alt.jpg,https://connect.overnightmountings.com/gemfind/library/Images_And_Videos/85184-1/2/85184-1/2.alt.jpg,Yellow Gold,Round,286.68,,,
ula-hidden-halo-85295-5,85295-5,Ula Hidden Halo,85295-5.alt.jpg,https://connect.overnightmountings.com/gemfind/library/Images_And_Videos/85295-5/85295-5.alt.jpg,Yellow Gold,Princess,288.93,,,
calla-channel-set-50297-e,50297-E,Calla Channel Set,50297-E.alt.jpg,https://connect.overnightmountings.com/gemfind/library/Images_And_Videos/50297-E/50297-E.alt.jpg,Yellow Gold,Round,289.25,,,
eira-engagement-51140-e-10x8,51140-E-10X8,Eira Engagement Ring,51140-E-10X8.alt.jpg,https://connect.overnightmountings.com/gemfind/library/Images_And_Videos/51140-E-10X8/51140-E-10X8.alt.jpg,Yellow Gold,Emerald,289.83,,,
niamh-split-shank-85112,85112,Niamh Split Shank,85112.alt.jpg,https://connect.overnightmountings.com/gemfind/library/Images_And_Videos/85112/85112.alt.jpg,Yellow Gold,Round,291.21,,,
reverie-solitaire-84295,84295,Reverie Solitaire,84295.rd.jpg,https://connect.overnightmountings.com/gemfind/library/Images_And_Videos/84295/84295.rd.jpg,White Gold (multi-shape; no yellow JPG in data),Round / Oval / Princess / Cushion / Emerald / Asscher / Pear / Radiant / Marquise / Heart,296.56,,,
yolanda-multi-row-50774-e-1,50774-E-1,Yolanda Multi Row,50774-E-1.alt.jpg,https://connect.overnightmountings.com/gemfind/library/Images_And_Videos/50774-E-1/50774-E-1.alt.jpg,Yellow Gold,Round,301.63,,,
devi-halo-50893-e-1,50893-E-1,Devi Halo,50893-E-1.alt.jpg,https://connect.overnightmountings.com/gemfind/library/Images_And_Videos/50893-E-1/50893-E-1.alt.jpg,Yellow Gold,Round,302.99,,,
vada-hidden-halo-51207-e-13-4,51207-E-13/4,Vada Hidden Halo,4.alt.jpg,https://connect.overnightmountings.com/gemfind/library/Images_And_Videos/51207-E-13/4/51207-E-13/4.alt.jpg,Yellow Gold,Round,303.26,,,
sable-hidden-halo-85292-1,85292-1,Sable Hidden Halo,85292-1.alt.jpg,https://connect.overnightmountings.com/gemfind/library/Images_And_Videos/85292-1/85292-1.alt.jpg,Yellow Gold,Round,304.06,,,
xylia-engagement-51110-e,51110-E,Xylia Engagement Ring,51110-E.alt.jpg,https://connect.overnightmountings.com/gemfind/library/Images_And_Videos/51110-E/51110-E.alt.jpg,Yellow Gold,Round,304.10,,,
indira-engagement-50960-e,50960-E,Indira Engagement Ring,50960-E.alt.jpg,https://connect.overnightmountings.com/gemfind/library/Images_And_Videos/50960-E/50960-E.alt.jpg,Yellow Gold,Round,304.45,,,
xena-three-stone-83512,83512,Xena Three Stone,83512.alt.jpg,https://connect.overnightmountings.com/gemfind/library/Images_And_Videos/83512/83512.alt.jpg,Yellow Gold,Round,308.52,,,
yara-halo-83515-5,83515-5,Yara Halo,83515-5.alt.jpg,https://connect.overnightmountings.com/gemfind/library/Images_And_Videos/83515-5/83515-5.alt.jpg,Yellow Gold,Pear,309.00,,,
elara-engagement-84765,84765,Elara Engagement Ring,84765.alt.jpg,https://connect.overnightmountings.com/gemfind/library/Images_And_Videos/84765/84765.alt.jpg,Yellow Gold,Oval,309.65,,,
liv-engagement-51162-e-11-5x8,51162-E-11.5X8,Liv Engagement Ring,51162-E-11.5X8.alt.jpg,https://connect.overnightmountings.com/gemfind/library/Images_And_Videos/51162-E-11.5X8/51162-E-11.5X8.alt.jpg,Yellow Gold,Oval,310.58,,,
violet-cluster-83249,83249,Violet Cluster,83249.alt.jpg,https://connect.overnightmountings.com/gemfind/library/Images_And_Videos/83249/83249.alt.jpg,Yellow Gold,Round,317.01,,,
nira-engagement-51165-e,51165-E,Nira Engagement Ring,51165-E.alt.jpg,https://connect.overnightmountings.com/gemfind/library/Images_And_Videos/51165-E/51165-E.alt.jpg,Yellow Gold,Pear,321.22,,,
octavia-halo-85127-1,85127-1,Octavia Halo,85127-1.alt.jpg,https://connect.overnightmountings.com/gemfind/library/Images_And_Videos/85127-1/85127-1.alt.jpg,Yellow Gold,Round,321.98,,,
luna-cluster-84269,84269,Luna Cluster,84269.alt.jpg,https://connect.overnightmountings.com/gemfind/library/Images_And_Videos/84269/84269.alt.jpg,Yellow Gold,Round,322.51,,,
bella-solitaire-80180,80180,Bella Solitaire,80180.rd.jpg,https://connect.overnightmountings.com/gemfind/library/Images_And_Videos/80180/80180.rd.jpg,White Gold (multi-shape; no yellow JPG in data),Round / Oval / Princess / Cushion / Emerald / Asscher / Pear / Radiant / Marquise / Heart,324.56,,,
florence-engagement-85230,85230,Florence Engagement Ring,85230.alt.jpg,https://connect.overnightmountings.com/gemfind/library/Images_And_Videos/85230/85230.alt.jpg,Yellow Gold,Marquise,326.25,,,
maeve-multi-row-84272,84272,Maeve Multi Row,84272.alt.jpg,https://connect.overnightmountings.com/gemfind/library/Images_And_Videos/84272/84272.alt.jpg,Yellow Gold,Round,331.83,,,
bryony-solitaire-84732-6x4,84732-6X4,Bryony Solitaire,84732-6X4.alt.jpg,https://connect.overnightmountings.com/gemfind/library/Images_And_Videos/84732-6X4/84732-6X4.alt.jpg,Yellow Gold,Oval,333.88,,,
quinn-color-82900-6x4,82900-6X4,Quinn Color,82900-6X4.alt.jpg,https://connect.overnightmountings.com/gemfind/library/Images_And_Videos/82900-6X4/82900-6X4.alt.jpg,Yellow Gold,Oval,335.56,,,
verity-halo-85151,85151,Verity Halo,85151.alt.jpg,https://connect.overnightmountings.com/gemfind/library/Images_And_Videos/85151/85151.alt.jpg,Yellow Gold,Round,338.03,,,
gaia-engagement-85370,85370,Gaia Engagement Ring,85370.alt.jpg,https://connect.overnightmountings.com/gemfind/library/Images_And_Videos/85370/85370.alt.jpg,Yellow Gold,Round,338.38,,,
winona-hidden-halo-85297-10x8,85297-10X8,Winona Hidden Halo,85297-10X8.alt.jpg,https://connect.overnightmountings.com/gemfind/library/Images_And_Videos/85297-10X8/85297-10X8.alt.jpg,Yellow Gold,Oval,340.48,,,
jade-three-stone-84124,84124,Jade Three Stone,84124.alt.jpg,https://connect.overnightmountings.com/gemfind/library/Images_And_Videos/84124/84124.alt.jpg,Yellow Gold,Round,341.49,,,
shea-multi-row-50566-e-1,50566-E-1,Shea Multi Row,50566-E-1.alt.jpg,https://connect.overnightmountings.com/gemfind/library/Images_And_Videos/50566-E-1/50566-E-1.alt.jpg,Yellow Gold,Round,346.30,,,
fleur-multi-row-83904,83904,Fleur Multi Row,83904.alt.jpg,https://connect.overnightmountings.com/gemfind/library/Images_And_Videos/83904/83904.alt.jpg,Yellow Gold,Round,347.67,,,
vienne-hidden-halo-85296-11x7-5,85296-11X7.5,Vienne Hidden Halo,85296-11X7.5.alt.jpg,https://connect.overnightmountings.com/gemfind/library/Images_And_Videos/85296-11X7.5/85296-11X7.5.alt.jpg,Yellow Gold,Pear,348.05,,,
mara-engagement-50982-e,50982-E,Mara Engagement Ring,50982-E.alt.jpg,https://connect.overnightmountings.com/gemfind/library/Images_And_Videos/50982-E/50982-E.alt.jpg,Yellow Gold,Cushion,348.06,,,
adira-engagement-51116-e,51116-E,Adira Engagement Ring,51116-E.alt.jpg,https://connect.overnightmountings.com/gemfind/library/Images_And_Videos/51116-E/51116-E.alt.jpg,Yellow Gold,Round,350.39,,,
faye-engagement-84766,84766,Faye Engagement Ring,84766.alt.jpg,https://connect.overnightmountings.com/gemfind/library/Images_And_Videos/84766/84766.alt.jpg,Yellow Gold,Round,353.72,,,
giselle-three-stone-84006,84006,Giselle Three Stone,84006.alt.jpg,https://connect.overnightmountings.com/gemfind/library/Images_And_Videos/84006/84006.alt.jpg,Yellow Gold,Round,373.05,,,
rosalind-multi-row-50562-e,50562-E,Rosalind Multi Row,50562-E.alt.jpg,https://connect.overnightmountings.com/gemfind/library/Images_And_Videos/50562-E/50562-E.alt.jpg,Yellow Gold,Round,374.93,,,
kiera-engagement-84905,84905,Kiera Engagement Ring,84905.alt.jpg,https://connect.overnightmountings.com/gemfind/library/Images_And_Videos/84905/84905.alt.jpg,Yellow Gold,Round,374.97,,,
liora-engagement-50981-e-1,50981-E-1,Liora Engagement Ring,50981-E-1.alt.jpg,https://connect.overnightmountings.com/gemfind/library/Images_And_Videos/50981-E-1/50981-E-1.alt.jpg,Yellow Gold,Round,377.80,,,
kalia-multi-row-84262,84262,Kalia Multi Row,84262.alt.jpg,https://connect.overnightmountings.com/gemfind/library/Images_And_Videos/84262/84262.alt.jpg,Yellow Gold,Round,378.72,,,
nima-engagement-50987-e,50987-E,Nima Engagement Ring,50987-E.alt.jpg,https://connect.overnightmountings.com/gemfind/library/Images_And_Videos/50987-E/50987-E.alt.jpg,Yellow Gold,Round,387.24,,,
iola-multi-row-50366-e,50366-E,Iola Multi Row,50366-E.alt.jpg,https://connect.overnightmountings.com/gemfind/library/Images_And_Videos/50366-E/50366-E.alt.jpg,Yellow Gold,Round,392.05,,,
anya-bypass-84584-1,84584-1,Anya Bypass,84584-1.alt.jpg,https://connect.overnightmountings.com/gemfind/library/Images_And_Videos/84584-1/84584-1.alt.jpg,Yellow Gold,Round,398.92,,,
hazel-three-stone-81785,81785,Hazel Three Stone,81785.alt.jpg,https://connect.overnightmountings.com/gemfind/library/Images_And_Videos/81785/81785.alt.jpg,Yellow Gold,Round,406.61,,,
halle-engagement-84832,84832,Halle Engagement Ring,84832.alt.jpg,https://connect.overnightmountings.com/gemfind/library/Images_And_Videos/84832/84832.alt.jpg,Yellow Gold,Round,408.66,,,
rania-engagement-51048-e,51048-E,Rania Engagement Ring,51048-E.alt.jpg,https://connect.overnightmountings.com/gemfind/library/Images_And_Videos/51048-E/51048-E.alt.jpg,Yellow Gold,Round,410.10,,,
camille-three-stone-83817,83817,Camille Three Stone,83817.alt.jpg,https://connect.overnightmountings.com/gemfind/library/Images_And_Videos/83817/83817.alt.jpg,Yellow Gold,Princess,412.29,,,
theodora-multi-row-50622-e,50622-E,Theodora Multi Row,50622-E.alt.jpg,https://connect.overnightmountings.com/gemfind/library/Images_And_Videos/50622-E/50622-E.alt.jpg,Yellow Gold,Round,416.79,,,
beatrix-three-stone-85165-1,85165-1,Beatrix Three Stone,85165-1.alt.jpg,https://connect.overnightmountings.com/gemfind/library/Images_And_Videos/85165-1/85165-1.alt.jpg,Yellow Gold,Pear,420.19,,,
farah-engagement-85368,85368,Farah Engagement Ring,85368.alt.jpg,https://connect.overnightmountings.com/gemfind/library/Images_And_Videos/85368/85368.alt.jpg,Yellow Gold,Round,420.63,,,
willow-halo-83495-10x8,83495-10X8,Willow Halo,83495-10X8.alt.jpg,https://connect.overnightmountings.com/gemfind/library/Images_And_Videos/83495-10X8/83495-10X8.alt.jpg,Yellow Gold,Emerald,427.29,,,
brynn-multi-row-50843-e-1,50843-E-1,Brynn Multi Row,50843-E-1.alt.jpg,https://connect.overnightmountings.com/gemfind/library/Images_And_Videos/50843-E-1/50843-E-1.alt.jpg,Yellow Gold,Round,430.51,,,
cordelia-fashion-85178-10x8,85178-10X8,Cordelia Fashion,85178-10X8.alt.jpg,https://connect.overnightmountings.com/gemfind/library/Images_And_Videos/85178-10X8/85178-10X8.alt.jpg,Yellow Gold,Oval,434.38,,,
rosalie-three-stone-82956-1,82956-1,Rosalie Three Stone,82956-1.alt.jpg,https://connect.overnightmountings.com/gemfind/library/Images_And_Videos/82956-1/82956-1.alt.jpg,Yellow Gold,Round,437.68,,,
celeste-solitaire-80400,80400,Celeste Solitaire,80400.rd.jpg,https://connect.overnightmountings.com/gemfind/library/Images_And_Videos/80400/80400.rd.jpg,White Gold (multi-shape; no yellow JPG in data),Round / Oval / Princess / Cushion / Emerald / Asscher / Pear / Radiant / Marquise / Heart,438.12,,,
una-solitaire-83242,83242,Una Solitaire,83242.alt.jpg,https://connect.overnightmountings.com/gemfind/library/Images_And_Videos/83242/83242.alt.jpg,Yellow Gold,Round,442.60,,,
sienna-three-stone-85134-1,85134-1,Sienna Three Stone,85134-1.alt.jpg,https://connect.overnightmountings.com/gemfind/library/Images_And_Videos/85134-1/85134-1.alt.jpg,Yellow Gold,Marquise,449.96,,,
kassia-multi-row-50427-e,50427-E,Kassia Multi Row,50427-E.alt.jpg,https://connect.overnightmountings.com/gemfind/library/Images_And_Videos/50427-E/50427-E.alt.jpg,Yellow Gold,Round,450.81,,,
wynne-multi-row-50652-e,50652-E,Wynne Multi Row,50652-E.alt.jpg,https://connect.overnightmountings.com/gemfind/library/Images_And_Videos/50652-E/50652-E.alt.jpg,Yellow Gold,Round,453.74,,,
nadia-multi-row-50059-e,50059-E,Nadia Multi Row,50059-E.alt.jpg,https://connect.overnightmountings.com/gemfind/library/Images_And_Videos/50059-E/50059-E.alt.jpg,Yellow Gold,Round,462.31,,,
amara-three-stone-83667-11-2,83667-11/2,Amara Three Stone,2.alt.jpg,https://connect.overnightmountings.com/gemfind/library/Images_And_Videos/83667-11/2/83667-11/2.alt.jpg,Yellow Gold,Princess,466.10,,,
quinnley-multi-row-50560-e,50560-E,Quinnley Multi Row,50560-E.alt.jpg,https://connect.overnightmountings.com/gemfind/library/Images_And_Videos/50560-E/50560-E.alt.jpg,Yellow Gold,Round,475.80,,,
hera-multi-row-84030-1,84030-1,Hera Multi Row,84030-1.alt.jpg,https://connect.overnightmountings.com/gemfind/library/Images_And_Videos/84030-1/84030-1.alt.jpg,Yellow Gold,Round,477.05,,,
thalia-halo-85137-1,85137-1,Thalia Halo,85137-1.alt.jpg,https://connect.overnightmountings.com/gemfind/library/Images_And_Videos/85137-1/85137-1.alt.jpg,Yellow Gold,Round,478.41,,,
aurora-solitaire-80066,80066,Aurora Solitaire,80066.rd.jpg,https://connect.overnightmountings.com/gemfind/library/Images_And_Videos/80066/80066.rd.jpg,White Gold (multi-shape; no yellow JPG in data),Round / Oval / Princess / Cushion / Emerald / Asscher / Pear / Radiant / Marquise / Heart,480.87,,,
caia-engagement-51123-e,51123-E,Caia Engagement Ring,51123-E.alt.jpg,https://connect.overnightmountings.com/gemfind/library/Images_And_Videos/51123-E/51123-E.alt.jpg,Yellow Gold,Round,482.99,,,
orla-multi-row-51008-e-1,51008-E-1,Orla Multi Row,51008-E-1.alt.jpg,https://connect.overnightmountings.com/gemfind/library/Images_And_Videos/51008-E-1/51008-E-1.alt.jpg,Yellow Gold,Round,488.77,,,
xiomara-pav-84370,84370,Xiomara Pavé,84370.alt.jpg,https://connect.overnightmountings.com/gemfind/library/Images_And_Videos/84370/84370.alt.jpg,Yellow Gold,Round,525.98,,,
winter-pav-51094-e-6x4,51094-E-6X4,Winter Pavé,51094-E-6X4.alt.jpg,https://connect.overnightmountings.com/gemfind/library/Images_And_Videos/51094-E-6X4/51094-E-6X4.alt.jpg,Yellow Gold,Oval,531.26,,,
valentina-baguette-remount-50189-e,50189-E,Valentina Baguette Remount,50189-E.alt.jpg,https://connect.overnightmountings.com/gemfind/library/Images_And_Videos/50189-E/50189-E.alt.jpg,Yellow Gold,Round,538.05,,,
phoebe-multi-row-51012-e-10x8,51012-E-10X8,Phoebe Multi Row,51012-E-10X8.alt.jpg,https://connect.overnightmountings.com/gemfind/library/Images_And_Videos/51012-E-10X8/51012-E-10X8.alt.jpg,Yellow Gold,Emerald,550.28,,,
genevieve-engagement-84775,84775,Genevieve Engagement Ring,84775.alt.jpg,https://connect.overnightmountings.com/gemfind/library/Images_And_Videos/84775/84775.alt.jpg,Yellow Gold,Round,578.14,,,
ivy-multi-row-84042,84042,Ivy Multi Row,84042.alt.jpg,https://connect.overnightmountings.com/gemfind/library/Images_And_Videos/84042/84042.alt.jpg,Yellow Gold,Round,584.12,,,
quill-engagement-51016-e-1,51016-E-1,Quill Engagement Ring,51016-E-1.alt.jpg,https://connect.overnightmountings.com/gemfind/library/Images_And_Videos/51016-E-1/51016-E-1.alt.jpg,Yellow Gold,Round,610.63,,,
tess-three-stone-83232,83232,Tess Three Stone,83232.alt.jpg,https://connect.overnightmountings.com/gemfind/library/Images_And_Videos/83232/83232.alt.jpg,Yellow Gold,Oval,673.97,,,
briar-three-stone-83770,83770,Briar Three Stone,83770.alt.jpg,https://connect.overnightmountings.com/gemfind/library/Images_And_Videos/83770/83770.alt.jpg,Yellow Gold,Princess,800.80,,,